Transaction_ID,Date,Customer_ID,Product_ID,Quantity,Price,Total,Payment_Method
1,1/1/2023,8270,P0029,5.0,49.37,246.85,PayPal
2,1/2/2023,1860,P0055,10.0,608.03,6080.3,Debit Card
3,1/3/2023,6390,P0003,9.0,908.31,8174.79,Credit Card
4,1/4/2023,6191,P0032,5.0,246.47,1232.35,Credit Card
5,1/5/2023,6734,P0010,2.0,474.95,949.9,PayPal
6,1/6/2023,7265,P0074,5.0,455.96,2279.8,PayPal
7,1/7/2023,1466,P0083,4.0,478.24,1912.96,PayPal
8,1/8/2023,5426,P0034,7.0,626.29,4384.03,Credit Card
9,1/9/2023,6578,P0097,6.0,475.05,2850.3,Debit Card
10,1/10/2023,9322,P0087,2.0,452.99,905.98,Debit Card
11,1/11/2023,2685,P0055,5.0,479.55,2397.75,Credit Card
12,1/12/2023,1769,P0092,7.0,594.96,4164.72,Cash
13,1/13/2023,7949,P0032,7.0,541.64,3791.48,Debit Card
14,1/14/2023,3433,P0050,5.0,855.59,4277.95,PayPal
15,1/15/2023,6311,P0007,9.0,59.0,531.0,Cash
16,1/16/2023,6051,P0093,4.0,834.98,3339.92,Cash
17,1/17/2023,7420,P0008,3.0,845.49,2536.47,Debit Card
18,1/18/2023,2184,P0065,4.0,292.06,1168.24,Cash
19,1/19/2023,5555,P0057,5.0,468.22,2341.1,Cash
20,1/20/2023,4385,P0067,6.0,444.15,2664.9,Debit Card
21,1/21/2023,7396,P0088,3.0,226.32,678.96,Debit Card
22,1/22/2023,9666,P0087,2.0,402.83,805.66,Cash
23,1/23/2023,3558,P0059,4.0,53.94,215.76,PayPal
24,1/24/2023,8849,P0072,5.0,285.04,1425.2,Credit Card
25,1/25/2023,3047,P0054,4.0,818.52,3274.08,Cash
26,,3747,P0067,3.0,291.72,875.16,Cash
27,,1189,P0051,8.0,820.02,6560.16,PayPal
28,1/28/2023,3734,P0097,10.0,,5362.8,Cash
29,1/29/2023,4005,P0092,4.0,881.06,3524.24,Cash
30,1/30/2023,5658,P0008,2.0,579.03,1158.06,Credit Card
31,1/31/2023,2899,P0034,2.0,39.37,78.74,Credit Card
32,2/1/2023,8734,P0035,1.0,678.67,678.67,Credit Card
33,2/2/2023,2267,P0096,4.0,54.41,217.64,Debit Card
34,2/3/2023,2528,P0088,10.0,456.09,4560.9,Debit Card
35,2/4/2023,4556,P0078,9.0,930.13,8371.17,Credit Card
36,2/5/2023,4890,P0032,7.0,173.55,1214.85,Credit Card
37,2/6/2023,9838,P0046,,395.97,3959.7,Debit Card
38,2/7/2023,6393,P0016,7.0,732.56,5127.92,PayPal
39,2/8/2023,9792,P0068,7.0,883.44,6184.08,Cash
40,2/9/2023,9433,P0037,,674.23,5393.84,Cash
41,2/10/2023,8513,P0054,1.0,265.59,265.59,Credit Card
42,2/11/2023,3612,P0085,10.0,677.86,6778.6,PayPal
43,2/12/2023,8041,P0014,10.0,303.76,3037.6,Debit Card
44,2/13/2023,7235,P0095,8.0,721.24,5769.92,Credit Card
45,2/14/2023,6486,P0055,4.0,954.49,3817.96,PayPal
46,2/15/2023,8099,P0048,4.0,724.18,2896.72,PayPal
47,2/16/2023,1775,P0082,4.0,864.25,3457.0,PayPal
48,2/17/2023,9226,P0007,6.0,12.08,72.48,Debit Card
49,2/18/2023,4152,P0074,,720.4,5042.8,Debit Card
50,2/19/2023,2585,P0007,6.0,831.29,4987.74,Cash
51,2/20/2023,4943,P0033,1.0,50.15,50.15,Cash
52,2/21/2023,8555,P0023,8.0,872.88,6983.04,PayPal
53,2/22/2023,4073,P0085,10.0,264.13,2641.3,PayPal
54,2/23/2023,2021,P0019,7.0,668.64,4680.48,Debit Card
55,2/24/2023,4843,P0019,6.0,802.35,4814.1,Cash
56,2/25/2023,8989,P0036,6.0,666.04,3996.24,PayPal
57,2/26/2023,7873,P0029,5.0,101.36,506.8,Cash
58,2/27/2023,6675,P0060,6.0,,3602.16,Cash
59,2/28/2023,1161,P0082,9.0,554.09,4986.81,PayPal
60,3/1/2023,5297,P0002,10.0,901.32,9013.2,Debit Card
61,3/2/2023,1995,P0001,,410.2,3691.8,PayPal
62,3/3/2023,8629,P0047,10.0,327.87,3278.7,PayPal
63,3/4/2023,2016,P0069,8.0,752.35,6018.8,Cash
64,3/5/2023,8869,P0020,10.0,418.55,4185.5,PayPal
65,3/6/2023,7439,P0011,9.0,649.64,5846.76,Debit Card
66,3/7/2023,8892,P0002,10.0,649.99,6499.9,PayPal
67,3/8/2023,7863,P0067,8.0,889.16,7113.28,Debit Card
68,3/9/2023,8916,P0087,8.0,602.71,4821.68,Debit Card
69,3/10/2023,9529,P0012,1.0,507.13,507.13,Cash
70,3/11/2023,1878,P0020,10.0,147.48,1474.8,Credit Card
71,3/12/2023,5887,P0005,5.0,124.58,622.9,Credit Card
72,,5859,P0037,4.0,162.78,651.12,Cash
73,3/14/2023,7331,P0038,2.0,180.13,360.26,PayPal
74,3/15/2023,9571,P0094,8.0,641.5,5132.0,Cash
75,3/16/2023,9684,P0009,3.0,743.57,2230.71,Debit Card
76,3/17/2023,8208,P0098,4.0,534.69,2138.76,Credit Card
77,3/18/2023,6276,P0053,7.0,830.73,5815.11,Cash
78,3/19/2023,3062,P0044,10.0,991.35,9913.5,PayPal
79,3/20/2023,1064,P0099,9.0,821.81,7396.29,Cash
80,3/21/2023,9006,P0086,2.0,697.93,1395.86,Credit Card
81,3/22/2023,3568,P0024,3.0,537.17,1611.51,Cash
82,3/23/2023,6463,P0081,,454.36,1817.44,Cash
83,,3027,P0074,10.0,93.55,935.5,Credit Card
84,3/25/2023,3695,P0030,1.0,405.38,405.38,Debit Card
85,3/26/2023,6258,P0059,7.0,911.03,6377.21,Debit Card
86,3/27/2023,6618,P0087,2.0,809.94,1619.88,Credit Card
87,3/28/2023,7736,P0096,5.0,223.89,1119.45,cash
88,3/29/2023,1391,P0081,1.0,471.94,471.94,Credit Card
89,3/30/2023,6892,P0081,3.0,818.56,2455.68,Debit Card
90,3/31/2023,4561,P0014,2.0,,153.42,PayPal
91,4/1/2023,7184,P0009,,393.52,393.52,Cash
92,4/2/2023,4099,P0040,7.0,853.32,5973.24,Debit Card
93,4/3/2023,7278,P0066,5.0,409.86,2049.3,Cash
94,4/4/2023,9392,P0025,1.0,86.84,86.84,Credit Card
95,4/5/2023,4104,P0073,6.0,547.11,3282.66,PayPal
96,4/6/2023,8215,P0022,5.0,863.13,4315.65,Credit Card
97,4/7/2023,3454,P0004,,594.38,1783.14,PayPal
98,4/8/2023,9996,P0026,7.0,234.02,1638.14,Cash
99,4/9/2023,3731,P0058,10.0,390.4,3904.0,Cash
100,4/10/2023,9154,P0029,9.0,455.62,4100.58,Credit Card
101,4/11/2023,6056,P0098,9.0,,5251.23,PayPal
102,4/12/2023,9110,P0087,9.0,761.76,6855.84,PayPal
103,4/13/2023,4840,P0037,2.0,107.88,215.76,Cash
104,4/14/2023,2028,P0075,3.0,890.76,2672.28,Credit Card
105,4/15/2023,8385,P0070,,22.19,155.33,PayPal
106,,1502,P0018,5.0,376.35,1881.75,Cash
107,4/17/2023,7910,P0085,2.0,37.15,74.3,Debit Card
108,4/18/2023,7938,P0042,3.0,399.04,1197.12,Credit Card
109,4/19/2023,5488,P0100,10.0,,5305.5,Debit Card
110,4/20/2023,1206,P0041,6.0,516.56,3099.36,Credit Card
111,4/21/2023,6134,P0038,7.0,173.97,1217.79,Cash
112,4/22/2023,6977,P0034,9.0,,5843.52,PayPal
113,4/23/2023,8721,P0017,1.0,54.33,54.33,PayPal
114,4/24/2023,8035,P0037,7.0,764.29,5350.03,PayPal
115,,2484,P0025,8.0,947.18,7577.44,Credit Card
116,4/26/2023,8858,P0076,3.0,346.37,1039.11,Cash
117,4/27/2023,1863,P0087,4.0,522.07,2088.28,Debit Crd
118,4/28/2023,3790,P0086,10.0,385.12,3851.2,Cash
119,4/29/2023,8408,P0085,6.0,16.64,99.84,Debit Card
120,4/30/2023,9755,P0027,10.0,392.02,3920.2,Credit Card
121,5/1/2023,6116,P0057,7.0,793.8,5556.6,Credit Card
122,5/2/2023,7019,P0031,4.0,600.03,2400.12,Debit Card
123,5/3/2023,2757,P0006,8.0,110.25,882.0,Debit Card
124,5/4/2023,8574,P0091,5.0,848.67,4243.35,Debit Crd
125,5/5/2023,7374,P0040,1.0,535.77,535.77,Cash
126,5/6/2023,7892,P0098,4.0,843.31,3373.24,Debit Card
127,5/7/2023,2678,P0012,3.0,584.42,1753.26,Crdit Card
128,5/8/2023,4242,P0053,9.0,564.09,5076.81,Credit Card
129,5/9/2023,5636,P0071,8.0,114.21,913.68,paypal
130,5/10/2023,2059,P0010,1.0,175.69,175.69,Debit Card
131,5/11/2023,7668,P0045,6.0,972.31,5833.86,Cash
132,5/12/2023,4157,P0017,9.0,236.2,2125.8,Cash
133,5/13/2023,6915,P0026,7.0,977.68,6843.76,Cash
134,5/14/2023,3693,P0085,4.0,536.59,2146.36,PayPal
135,5/15/2023,4627,P0092,1.0,144.43,144.43,Credit Card
136,5/16/2023,6450,P0062,2.0,108.31,216.62,Cash
137,5/17/2023,2663,P0046,5.0,216.78,1083.9,Credit Card
138,5/18/2023,6592,P0064,5.0,926.38,4631.9,PayPal
139,5/19/2023,8392,P0002,,420.01,3360.08,Debit Card
140,5/20/2023,2306,P0054,6.0,401.48,2408.88,Debit Card
141,5/21/2023,7776,P0065,8.0,320.07,2560.56,Debit Card
142,5/22/2023,6864,P0051,2.0,155.59,311.18,Cash
143,5/23/2023,8526,P0053,3.0,492.97,1478.91,Debit Card
144,5/24/2023,9901,P0036,6.0,138.75,832.5,Cash
145,5/25/2023,6575,P0026,10.0,837.13,8371.3,PayPal
146,5/26/2023,6530,P0029,3.0,376.69,1130.07,PayPal
147,5/27/2023,5413,P0021,6.0,381.06,2286.36,Cash
148,5/28/2023,4748,P0011,6.0,479.27,2875.62,Credit Card
149,5/29/2023,1663,P0040,2.0,449.69,899.38,Debit Card
150,5/30/2023,2998,P0011,7.0,994.91,6964.37,Debit Card
151,5/31/2023,8994,P0036,,549.93,1099.86,Debit Card
152,6/1/2023,2495,P0059,6.0,97.32,583.92,Cash
153,6/2/2023,4304,P0039,1.0,610.81,610.81,PayPal
154,6/3/2023,4763,P0099,3.0,160.07,480.21,Debit Card
155,6/4/2023,6232,P0054,2.0,40.63,81.26,PayPal
156,6/5/2023,2853,P0098,7.0,971.03,6797.21,Debit Card
157,6/6/2023,7585,P0055,4.0,775.8,3103.2,Debit Card
158,6/7/2023,2291,P0024,8.0,980.31,7842.48,Cash
159,6/8/2023,4581,P0022,6.0,483.1,2898.6,Credit Card
160,6/9/2023,8554,P0069,10.0,536.93,5369.3,Cash
161,6/10/2023,8280,P0056,4.0,176.65,706.6,Debit Card
162,6/11/2023,2636,P0033,5.0,254.44,1272.2,Debit Card
163,6/12/2023,4696,P0036,9.0,840.16,7561.44,Credit Card
164,6/13/2023,1698,P0020,7.0,362.62,2538.34,PayPal
165,6/14/2023,5737,P0083,10.0,828.55,8285.5,PayPal
166,6/15/2023,1854,P0099,9.0,711.92,6407.28,Debit Card
167,,9164,P0081,7.0,185.4,1297.8,PayPal
168,6/17/2023,6855,P0062,1.0,512.37,512.37,Debit Card
169,,8392,P0098,8.0,680.61,5444.88,Credit Card
170,6/19/2023,7528,P0073,4.0,242.69,970.76,Credit Card
171,6/20/2023,6249,P0026,3.0,832.38,2497.14,Debit Card
172,6/21/2023,6172,P0066,7.0,549.38,3845.66,Credit Card
173,6/22/2023,2707,P0073,3.0,173.59,520.77,Cash
174,6/23/2023,6791,P0073,8.0,587.15,4697.2,Cash
175,6/24/2023,6535,P0040,6.0,999.72,5998.32,Credit Card
176,6/25/2023,5931,P0017,,159.02,795.1,Debit Card
177,6/26/2023,4510,P0001,4.0,,3274.36,Debit Card
178,6/27/2023,1202,P0089,8.0,215.24,1721.92,Credit Card
179,6/28/2023,5218,P0061,8.0,784.56,6276.48,PayPal
180,6/29/2023,9958,P0043,1.0,737.23,737.23,Cash
181,6/30/2023,5389,P0042,9.0,307.48,2767.32,PayPal
182,7/1/2023,3327,P0025,5.0,332.56,1662.8,Debit Card
183,7/2/2023,9004,P0039,4.0,794.6,3178.4,Debit Card
184,7/3/2023,3931,P0035,6.0,466.83,2800.98,PayPal
185,7/4/2023,8777,P0003,6.0,733.51,4401.06,Credit Card
186,7/5/2023,1197,P0044,2.0,156.5,313.0,PayPal
187,7/6/2023,8125,P0051,8.0,854.03,6832.24,PayPal
188,7/7/2023,2930,P0094,7.0,713.78,4996.46,Cash
189,7/8/2023,7287,P0098,1.0,907.87,907.87,Cash
190,7/9/2023,9800,P0012,5.0,141.05,705.25,PayPal
191,7/10/2023,5282,P0019,6.0,597.08,3582.48,PayPal
192,7/11/2023,3511,P0044,4.0,603.13,2412.52,Debit Card
193,7/12/2023,1659,P0059,2.0,359.93,719.86,Cash
194,7/13/2023,3811,P0049,4.0,463.88,1855.52,Cash
195,7/14/2023,8098,P0061,1.0,47.6,47.6,Debit Card
196,7/15/2023,7546,P0017,7.0,748.4,5238.8,Credit Card
197,7/16/2023,2986,P0074,2.0,553.83,1107.66,Cash
198,7/17/2023,9338,P0057,2.0,67.16,134.32,Cash
199,7/18/2023,3911,P0055,9.0,683.95,6155.55,Credit Card
200,7/19/2023,2734,P0047,5.0,472.11,2360.55,Cash
201,7/20/2023,2843,P0012,2.0,44.12,88.24,Cash
202,7/21/2023,9680,P0062,9.0,969.91,8729.19,Credit Card
203,7/22/2023,3976,P0080,9.0,949.62,8546.58,Credit Card
204,7/23/2023,2959,P0088,1.0,517.77,517.77,PayPal
205,7/24/2023,6759,P0083,,102.74,308.22,Debit Card
206,7/25/2023,7694,P0008,4.0,757.08,3028.32,Debit Card
207,7/26/2023,3385,P0095,7.0,497.01,3479.07,Credit Card
208,7/27/2023,5736,P0021,10.0,309.42,3094.2,Credit Card
209,7/28/2023,2802,P0081,4.0,496.5,1986.0,Cash
210,7/29/2023,9155,P0087,2.0,527.22,1054.44,PayPal
211,,9120,P0080,7.0,567.08,3969.56,PayPal
212,7/31/2023,7616,P0070,6.0,446.81,2680.86,Credit Card
213,8/1/2023,6534,P0072,,609.7,1829.1,Cash
214,8/2/2023,5061,P0025,6.0,919.55,5517.3,Cash
215,8/3/2023,1262,P0082,6.0,368.65,2211.9,Debit Card
216,8/4/2023,7287,P0089,,728.46,3642.3,Debit Card
217,8/5/2023,9815,P0012,4.0,895.51,3582.04,Cash
218,8/6/2023,3049,P0015,10.0,461.42,4614.2,Debit Card
219,8/7/2023,6423,P0059,1.0,449.02,449.02,Credit Card
220,8/8/2023,5548,P0026,10.0,606.1,6061.0,Cash
221,8/9/2023,4108,P0026,6.0,595.49,3572.94,Debit Card
222,8/10/2023,8158,P0047,2.0,808.52,1617.04,PayPal
223,8/11/2023,8400,P0032,3.0,481.72,1445.16,Cash
224,8/12/2023,4170,P0010,8.0,996.16,7969.28,Cash
225,8/13/2023,3255,P0016,10.0,68.88,688.8,PayPal
226,8/14/2023,2154,P0071,,13.14,78.84,Credit Card
227,8/15/2023,5499,P0017,3.0,643.8,1931.4,PayPal
228,8/16/2023,7295,P0023,7.0,305.45,2138.15,Cash
229,,7197,P0026,4.0,247.98,991.92,Credit Card
230,8/18/2023,2648,P0085,9.0,318.78,2869.02,Debit Card
231,8/19/2023,6539,P0086,5.0,263.49,1317.45,Debit Card
232,8/20/2023,5199,P0007,3.0,40.48,121.44,Debit Card
233,8/21/2023,9445,P0014,2.0,971.82,1943.64,Cash
234,8/22/2023,3557,P0079,2.0,228.54,457.08,PayPal
235,8/23/2023,6592,P0007,3.0,736.69,2210.07,Credit Card
236,8/24/2023,1098,P0009,2.0,764.97,1529.94,Debit Card
237,8/25/2023,3200,P0048,4.0,929.96,3719.84,Credit Card
238,8/26/2023,3961,P0072,2.0,40.24,80.48,Cash
239,8/27/2023,5973,P0059,10.0,873.33,8733.3,Debit Card
240,8/28/2023,5433,P0087,9.0,531.95,4787.55,Cash
241,8/29/2023,3869,P0093,2.0,636.22,1272.44,PayPal
242,8/30/2023,1956,P0082,9.0,648.03,5832.27,Cash
243,8/31/2023,9352,P0095,6.0,821.6,4929.6,Cash
244,9/1/2023,6699,P0094,1.0,340.07,340.07,PayPal
245,9/2/2023,7944,P0039,4.0,,2942.88,Credit Card
246,9/3/2023,5493,P0099,1.0,533.29,533.29,PayPal
247,9/4/2023,5911,P0018,6.0,795.46,4772.76,PayPal
248,9/5/2023,4987,P0059,4.0,990.64,3962.56,Cash
249,9/6/2023,7015,P0017,3.0,208.64,625.92,Credit Card
250,9/7/2023,2218,P0014,,994.7,2984.1,Debit Card
251,9/8/2023,5496,P0031,9.0,98.91,890.19,PayPal
252,9/9/2023,5735,P0024,6.0,12.29,73.74,Credit Card
253,9/10/2023,5555,P0099,9.0,53.72,483.48,PayPal
254,9/11/2023,9050,P0060,,348.36,1741.8,PayPal
255,9/12/2023,4446,P0045,2.0,636.58,1273.16,PayPal
256,9/13/2023,2045,P0098,8.0,78.34,626.72,paypal
257,9/14/2023,7893,P0003,5.0,15.61,78.05,Cash
258,9/15/2023,2693,P0037,2.0,937.72,1875.44,Credit Card
259,9/16/2023,4436,P0043,4.0,823.71,3294.84,credit card
260,9/17/2023,9754,P0040,9.0,811.09,7299.81,Credit Card
261,9/18/2023,6895,P0090,4.0,885.58,3542.32,PayPal
262,9/19/2023,4354,P0055,4.0,703.03,2812.12,Cash
263,9/20/2023,1225,P0087,2.0,113.36,226.72,PayPal
264,,5893,P0039,6.0,405.11,2430.66,PayPal
265,9/22/2023,8022,P0015,2.0,725.92,1451.84,Credit Card
266,9/23/2023,6600,P0004,7.0,287.53,2012.71,PayPal
267,9/24/2023,8996,P0093,3.0,690.53,2071.59,Debit Card
268,9/25/2023,8683,P0086,3.0,34.25,102.75,PayPal
269,9/26/2023,5642,P0025,5.0,313.08,1565.4,Debit Card
270,9/27/2023,8679,P0013,3.0,553.64,1660.92,PayPal
271,9/28/2023,9208,P0082,2.0,635.77,1271.54,Cash
272,9/29/2023,8339,P0033,10.0,581.27,5812.7,Cash
273,9/30/2023,3205,P0016,9.0,700.78,6307.02,Credit Card
274,10/1/2023,2069,P0042,,16.03,32.06,PayPal
275,,4444,P0066,2.0,109.93,219.86,Debit Card
276,,2060,P0055,8.0,870.25,6962.0,Debit Card
277,10/4/2023,3327,P0099,9.0,684.93,6164.37,PayPal
278,10/5/2023,4420,P0042,7.0,121.8,852.6,Debit Card
279,10/6/2023,1301,P0034,3.0,843.65,2530.95,Cash
280,10/7/2023,1606,P0030,9.0,249.81,2248.29,Debit Card
281,,4170,P0013,3.0,483.48,1450.44,Credit Card
282,10/9/2023,1699,P0013,5.0,153.74,768.7,Cash
283,10/10/2023,6088,P0018,9.0,713.01,6417.09,Cash
284,10/11/2023,1190,P0032,3.0,670.19,2010.57,Cash
285,10/12/2023,1980,P0096,7.0,219.0,1533.0,PayPal
286,10/13/2023,3975,P0099,1.0,864.77,864.77,PayPal
287,10/14/2023,7102,P0039,4.0,407.29,1629.16,Cash
288,10/15/2023,2184,P0046,4.0,299.59,1198.36,PayPal
289,10/16/2023,4327,P0029,7.0,160.81,1125.67,Debit Card
290,10/17/2023,4394,P0062,8.0,273.51,2188.08,PayPal
291,10/18/2023,9319,P0093,1.0,31.81,31.81,PayPal
292,10/19/2023,2816,P0062,5.0,587.42,2937.1,Cash
293,10/20/2023,6854,P0057,7.0,843.81,5906.67,Credit Card
294,10/21/2023,7709,P0016,4.0,553.49,2213.96,Credit Card
295,10/22/2023,1569,P0056,4.0,227.08,908.32,Credit Card
296,10/23/2023,6442,P0010,4.0,,173.32,Debit Card
297,10/24/2023,2895,P0030,6.0,,1334.88,PayPal
298,10/25/2023,3733,P0025,7.0,421.96,2953.72,Credit Card
299,10/26/2023,4863,P0084,2.0,762.02,1524.04,Cash
300,10/27/2023,8455,P0005,5.0,195.96,979.8,Credit Card
301,10/28/2023,5014,P0065,4.0,722.59,2890.36,Credit Card
302,10/29/2023,2686,P0094,3.0,868.26,2604.78,PayPal
303,10/30/2023,4009,P0049,7.0,459.41,3215.87,PayPal
304,10/31/2023,8806,P0003,6.0,823.22,4939.32,PayPal
305,11/1/2023,1154,P0045,7.0,559.11,3913.77,Debit Card
306,11/2/2023,2409,P0014,5.0,640.72,3203.6,Debit Card
307,11/3/2023,1784,P0030,6.0,531.02,3186.12,Credit Card
308,11/4/2023,9096,P0068,5.0,468.54,2342.7,PayPal
309,11/5/2023,8560,P0018,7.0,242.31,1696.17,Credit Card
310,11/6/2023,8343,P0062,2.0,310.16,620.32,Cash
311,11/7/2023,8206,P0037,5.0,297.07,1485.35,Cash
312,11/8/2023,6596,P0025,6.0,567.66,3405.96,PayPal
313,11/9/2023,6801,P0048,6.0,128.75,772.5,PayPal
314,11/10/2023,3806,P0065,5.0,917.62,4588.1,Cash
315,11/11/2023,1537,P0053,10.0,723.45,7234.5,PayPal
316,11/12/2023,6986,P0079,7.0,407.43,2852.01,Debit Card
317,11/13/2023,2841,P0073,10.0,167.04,1670.4,Debit Card
318,11/14/2023,9716,P0015,8.0,883.17,7065.36,PayPal
319,11/15/2023,7971,P0049,7.0,825.54,5778.78,Cash
320,11/16/2023,6625,P0088,5.0,724.5,3622.5,Credit Card
321,11/17/2023,3950,P0068,1.0,278.83,278.83,PayPal
322,11/18/2023,8992,P0012,5.0,408.42,2042.1,PayPal
323,11/19/2023,5780,P0059,,111.72,1117.2,Credit Card
324,11/20/2023,3368,P0037,2.0,197.15,394.3,PayPal
325,11/21/2023,7655,P0061,5.0,785.19,3925.95,Credit Card
326,11/22/2023,9173,P0043,5.0,717.89,3589.45,Cash
327,11/23/2023,5495,P0070,2.0,597.55,1195.1,Debit Card
328,,7002,P0039,5.0,896.77,4483.85,Cash
329,,7614,P0056,4.0,587.43,2349.72,Debit Card
330,11/26/2023,6919,P0063,1.0,472.3,472.3,Credit Card
331,11/27/2023,1853,P0046,3.0,346.97,1040.91,Debit Card
332,11/28/2023,5146,P0088,1.0,941.04,941.04,Cash
333,11/29/2023,4769,P0011,5.0,91.89,459.45,Debit Card
334,11/30/2023,1574,P0062,4.0,931.58,3726.32,Credit Card
335,12/1/2023,2148,P0077,7.0,828.45,5799.15,Debit Card
336,12/2/2023,7293,P0098,5.0,138.63,693.15,PayPal
337,12/3/2023,7457,P0025,10.0,569.33,5693.3,Cash
338,12/4/2023,8509,P0071,4.0,867.88,3471.52,PayPal
339,12/5/2023,5777,P0052,2.0,576.09,1152.18,Credit Card
340,12/6/2023,4854,P0004,4.0,,3632.52,Debit Card
341,12/7/2023,3491,P0059,2.0,943.55,1887.1,PayPal
342,12/8/2023,4124,P0072,8.0,428.16,3425.28,PayPal
343,12/9/2023,6691,P0020,3.0,,1150.62,Debit Card
344,12/10/2023,4051,P0093,9.0,936.96,8432.64,DEBIT CARD
345,12/11/2023,1004,P0063,4.0,678.39,2713.56,Cash
346,12/12/2023,6222,P0054,6.0,124.86,749.16,PayPal
347,12/13/2023,6315,P0074,10.0,,518.7,PayPal
348,12/14/2023,5869,P0098,5.0,568.98,2844.9,Credit Card
349,12/15/2023,1876,P0057,10.0,930.87,9308.7,Cash
350,12/16/2023,8027,P0090,1.0,845.81,845.81,Credit Card
351,12/17/2023,5142,P0041,9.0,679.09,6111.81,PayPal
352,12/18/2023,7966,P0003,1.0,147.72,147.72,Credit Card
353,12/19/2023,8079,P0006,8.0,261.69,2093.52,PayPal
354,12/20/2023,8987,P0005,,876.76,7890.84,PayPal
355,12/21/2023,7799,P0005,9.0,190.98,1718.82,Credit Card
356,12/22/2023,5465,P0054,1.0,285.66,285.66,Credit Card
357,12/23/2023,1635,P0047,2.0,138.3,276.6,Debit Card
358,12/24/2023,2693,P0087,1.0,679.35,679.35,Debit Card
359,12/25/2023,5752,P0049,,944.54,9445.4,Debit Card
360,12/26/2023,9311,P0009,2.0,276.28,552.56,PayPal
361,12/27/2023,1830,P0099,10.0,480.65,4806.5,Credit Card
362,12/28/2023,6177,P0020,8.0,638.0,5104.0,Cash
363,12/29/2023,9932,P0061,5.0,999.47,4997.35,PayPal
364,12/30/2023,9308,P0035,7.0,113.76,796.32,Cash
365,12/31/2023,6949,P0050,2.0,503.59,1007.18,Credit Card
366,1/1/2024,3838,P0082,8.0,391.27,3130.16,PayPal
367,,2150,P0062,6.0,867.16,5202.96,Cash
368,1/3/2024,8560,P0017,8.0,481.21,3849.68,Cash
369,1/4/2024,2931,P0088,1.0,119.87,119.87,Debit Card
370,1/5/2024,2664,P0003,1.0,638.08,638.08,Debit Card
371,1/6/2024,2081,P0032,7.0,773.07,5411.49,Debit Card
372,1/7/2024,1512,P0099,8.0,12.85,102.8,PayPal
373,1/8/2024,8805,P0013,3.0,860.37,2581.11,Credit Card
374,1/9/2024,6237,P0089,5.0,194.16,970.8,Credit Card
375,1/10/2024,1559,P0073,1.0,556.55,556.55,Debit Card
376,1/11/2024,4672,P0068,7.0,421.64,2951.48,Debit Card
377,1/12/2024,8404,P0014,5.0,722.46,3612.3,Debit Card
378,1/13/2024,4343,P0098,8.0,377.45,3019.6,Cash
379,1/14/2024,5070,P0011,8.0,871.07,6968.56,Debit Card
380,1/15/2024,1580,P0056,9.0,733.19,6598.71,Cash
381,1/16/2024,8004,P0067,7.0,651.24,4558.68,Credit Card
382,1/17/2024,9130,P0092,1.0,798.28,798.28,PayPal
383,1/18/2024,4147,P0029,3.0,756.48,2269.44,PayPal
384,1/19/2024,5249,P0009,8.0,45.58,364.64,PayPal
385,1/20/2024,2679,P0067,3.0,400.79,1202.37,PayPal
386,1/21/2024,4506,P0025,8.0,931.5,7452.0,Cash
387,1/22/2024,8253,P0098,1.0,134.47,134.47,Cash
388,1/23/2024,3744,P0076,5.0,739.73,3698.65,Debit Card
389,1/24/2024,6188,P0042,4.0,974.85,3899.4,Cash
390,1/25/2024,3141,P0009,5.0,61.68,308.4,Debit Card
391,1/26/2024,7617,P0079,8.0,685.37,5482.96,Debit Card
392,1/27/2024,3479,P0040,10.0,473.47,4734.7,PayPal
393,1/28/2024,7484,P0025,4.0,583.38,2333.52,Cash
394,1/29/2024,8421,P0005,4.0,94.49,377.96,Cash
395,1/30/2024,5452,P0011,3.0,52.58,157.74,Debit Card
396,1/31/2024,6881,P0059,7.0,670.2,4691.4,Debit Card
397,2/1/2024,7665,P0098,3.0,825.08,2475.24,Credit Card
398,2/2/2024,3849,P0088,3.0,784.2,2352.6,Credit Card
399,2/3/2024,8390,P0079,10.0,548.37,5483.7,Debit Card
400,2/4/2024,7905,P0038,5.0,108.87,544.35,Credit Card
401,2/5/2024,3489,P0072,5.0,,3455.8,Credit Card
402,2/6/2024,5611,P0005,6.0,249.47,1496.82,Debit Card
403,2/7/2024,3839,P0048,8.0,911.96,7295.68,Debit Card
404,2/8/2024,9527,P0090,10.0,839.88,8398.8,Cash
405,2/9/2024,6878,P0018,6.0,712.29,4273.74,Debit Card
406,2/10/2024,7303,P0070,1.0,949.36,949.36,Debit Card
407,2/11/2024,1851,P0037,8.0,41.11,328.88,PayPal
408,2/12/2024,2687,P0060,8.0,738.84,5910.72,Cash
409,2/13/2024,7833,P0048,9.0,336.94,3032.46,Cash
410,2/14/2024,3427,P0077,9.0,907.01,8163.09,Cash
411,2/15/2024,5000,P0028,,274.01,548.02,PayPal
412,2/16/2024,6052,P0069,2.0,727.61,1455.22,Debit Card
413,,3738,P0077,3.0,878.87,2636.61,Cash
414,2/18/2024,6732,P0081,1.0,51.24,51.24,Cash
415,2/19/2024,6387,P0040,4.0,403.67,1614.68,Credit Card
416,2/20/2024,9002,P0045,4.0,764.69,3058.76,Cash
417,2/21/2024,6536,P0096,9.0,460.37,4143.33,Debit Card
418,2/22/2024,4913,P0062,9.0,274.58,2471.22,Debit Card
419,2/23/2024,2066,P0093,9.0,227.61,2048.49,Credit Card
420,2/24/2024,8723,P0058,10.0,140.2,1402.0,Cash
421,2/25/2024,5380,P0067,7.0,858.56,6009.92,Cash
422,2/26/2024,5107,P0056,2.0,579.6,1159.2,Cash
423,2/27/2024,6726,P0040,10.0,85.62,856.2,PayPal
424,2/28/2024,4373,P0098,5.0,388.75,1943.75,Cash
425,2/29/2024,9945,P0040,4.0,374.06,1496.24,Debit Card
426,3/1/2024,3082,P0091,8.0,189.92,1519.36,Debit Card
427,3/2/2024,9967,P0077,2.0,441.15,882.3,PayPal
428,3/3/2024,7748,P0033,6.0,338.78,2032.68,PayPal
429,3/4/2024,1417,P0006,5.0,348.39,1741.95,Cash
430,3/5/2024,9306,P0088,,741.64,1483.28,Credit Card
431,3/6/2024,9808,P0019,10.0,231.03,2310.3,PayPal
432,3/7/2024,4974,P0080,1.0,645.44,645.44,PayPal
433,3/8/2024,4267,P0040,8.0,574.94,4599.52,Cash
434,3/9/2024,1825,P0092,2.0,57241.0,114482.0,Cash
435,3/10/2024,8668,P0097,7.0,666.38,4664.66,PayPal
436,3/11/2024,6745,P0059,9.0,552.9,4976.1,Credit Card
437,3/12/2024,1412,P0059,,880.46,7924.14,PayPal
438,3/13/2024,8543,P0048,8.0,678.82,5430.56,Cash
439,3/14/2024,8587,P0041,10.0,551.49,5514.9,Cash
440,3/15/2024,1728,P0013,9.0,831.47,7483.23,PayPal
441,3/16/2024,8164,P0045,2.0,610.09,1220.18,Credit Card
442,3/17/2024,9867,P0089,6.0,298.23,1789.38,PayPal
443,3/18/2024,6988,P0053,4.0,215.02,860.08,PayPal
444,3/19/2024,3504,P0042,4.0,160.8,643.2,Cash
445,3/20/2024,3967,P0100,5.0,900.46,4502.3,Credit Card
446,3/21/2024,3786,P0063,3.0,713.03,2139.09,Debit Card
447,3/22/2024,2122,P0027,1.0,938.0,938.0,Credit Card
448,3/23/2024,5079,P0038,8.0,607.26,4858.08,PayPal
449,3/24/2024,2571,P0060,5.0,478.67,2393.35,PayPal
450,3/25/2024,6073,P0007,3.0,69.12,207.36,PayPal
451,3/26/2024,6104,P0005,10.0,674.93,6749.3,Credit Card
452,3/27/2024,3143,P0045,7.0,586.39,4104.73,Cash
453,3/28/2024,7806,P0058,7.0,990.31,6932.17,PayPal
454,3/29/2024,8357,P0031,1.0,246.77,246.77,PayPal
455,3/30/2024,4440,P0023,9.0,535.43,4818.87,Credit Card
456,3/31/2024,4766,P0042,2.0,654.45,1308.9,Debit Card
457,4/1/2024,6644,P0010,5.0,648.15,3240.75,Debit Card
458,4/2/2024,3914,P0032,5.0,565.68,2828.4,Cash
459,4/3/2024,5968,P0053,8.0,779.16,6233.28,Cash
460,4/4/2024,6917,P0030,8.0,212.93,1703.44,PayPal
461,4/5/2024,9787,P0039,7.0,728.37,5098.59,Credit Card
462,4/6/2024,1728,P0031,7.0,623.54,4364.78,PayPal
463,4/7/2024,2365,P0082,6.0,897.11,5382.66,Cash
464,4/8/2024,5492,P0100,6.0,848.72,5092.32,Credit Card
465,4/9/2024,1698,P0002,9.0,322.0,2898.0,Credit Card
466,4/10/2024,8186,P0078,6.0,283.47,1700.82,Cash
467,4/11/2024,1395,P0077,2.0,981.84,1963.68,Debit Card
468,4/12/2024,8400,P0093,2.0,531.99,1063.98,Debit Card
469,4/13/2024,9082,P0012,5.0,907.36,4536.8,Credit Card
470,4/14/2024,5171,P0039,4.0,172.24,688.96,PayPal
471,4/15/2024,5360,P0066,2.0,646.39,1292.78,Debit Card
472,4/16/2024,3502,P0096,3.0,811.76,2435.28,PayPal
473,4/17/2024,1717,P0013,7.0,947.92,6635.44,Debit Card
474,4/18/2024,3782,P0046,8.0,343.97,2751.76,Debit Card
475,4/19/2024,5946,P0027,6.0,727.73,4366.38,PayPal
476,4/20/2024,6486,P0017,5.0,543.42,2717.1,Cash
477,4/21/2024,9335,P0095,,70.02,70.02,Debit Card
478,4/22/2024,5980,P0098,8.0,693.1,5544.8,Debit Card
479,4/23/2024,8266,P0060,3.0,693.2,2079.6,PayPal
480,4/24/2024,5491,P0064,6.0,931.3,5587.8,Cash
481,4/25/2024,8192,P0088,3.0,502.34,1507.02,Debit Card
482,4/26/2024,6588,P0035,7.0,237.95,1665.65,Debit Card
483,4/27/2024,8651,P0070,7.0,54.12,378.84,Cash
484,4/28/2024,4636,P0083,9.0,421.49,3793.41,Debit Card
485,4/29/2024,2167,P0030,5.0,308.9,1544.5,Cash
486,4/30/2024,2062,P0071,8.0,763.48,6107.84,Cash
487,5/1/2024,3156,P0074,10.0,360.73,3607.3,PayPal
488,,8860,P0096,10.0,949.58,9495.8,Credit Card
489,5/3/2024,6161,P0098,8.0,962.69,7701.52,Cash
490,5/4/2024,6305,P0063,1.0,624.7,624.7,PayPal
491,5/5/2024,7541,P0028,5.0,929.37,4646.85,Credit Card
492,5/6/2024,5729,P0060,3.0,763.25,2289.75,Debit Card
493,5/7/2024,8330,P0079,1.0,551.39,551.39,Credit Card
494,5/8/2024,6334,P0094,4.0,188.5,754.0,Cash
495,5/9/2024,9924,P0037,8.0,464.01,3712.08,Cash
496,5/10/2024,5330,P0093,3.0,565.27,1695.81,Cash
497,5/11/2024,9010,P0022,10.0,865.32,8653.2,Cash
498,5/12/2024,7801,P0068,2.0,,973.04,Cash
499,5/13/2024,5846,P0020,9.0,898.7,8088.3,PayPal
500,5/14/2024,7731,P0096,10.0,677.61,6776.1,Cash
501,5/15/2024,8241,P0100,5.0,145.63,728.15,PayPal
502,5/16/2024,1953,P0068,7.0,995.03,6965.21,Debit Card
503,5/17/2024,3539,P0091,2.0,531.96,1063.92,Cash
504,5/18/2024,8056,P0064,9.0,397.94,3581.46,Cash
505,5/19/2024,2542,P0017,9.0,662.52,5962.68,Credit Card
506,5/20/2024,6293,P0012,4.0,117.8,471.2,Debit Card
507,5/21/2024,2191,P0022,4.0,640.17,2560.68,Cash
508,5/22/2024,7313,P0017,6.0,503.25,3019.5,Cash
509,5/23/2024,7938,P0010,10.0,412.61,4126.1,Debit Card
510,5/24/2024,3681,P0065,,953.49,9534.9,PayPal
511,5/25/2024,2540,P0022,10.0,527.31,5273.1,Cash
512,5/26/2024,7172,P0090,6.0,226.93,1361.58,Credit Card
513,5/27/2024,6541,P0082,1.0,464.37,464.37,Cash
514,5/28/2024,2365,P0050,9.0,920.19,8281.71,Credit Card
515,5/29/2024,9691,P0014,2.0,184.33,368.66,Credit Card
516,5/30/2024,9702,P0064,5.0,221.82,1109.1,Cash
517,5/31/2024,8494,P0047,9.0,22.9,206.1,Cash
518,6/1/2024,5312,P0029,4.0,24.05,96.2,Credit Card
519,6/2/2024,2324,P0076,3.0,831.1,2493.3,Debit Card
520,6/3/2024,4141,P0036,7.0,734.8,5143.6,Debit Card
521,6/4/2024,8419,P0099,,361.49,2168.94,Cash
522,6/5/2024,4486,P0052,8.0,701.33,5610.64,PayPal
523,6/6/2024,2810,P0076,3.0,401.25,1203.75,Debit Card
524,,7588,P0007,5.0,953.37,4766.85,Cash
525,6/8/2024,3923,P0029,10.0,967.38,9673.8,Debit Card
526,6/9/2024,6301,P0011,4.0,398.87,1595.48,PayPal
527,6/10/2024,5186,P0033,4.0,855.68,3422.72,Cash
528,,9905,P0006,4.0,775.36,3101.44,PayPal
529,6/12/2024,6977,P0079,10.0,316.9,3169.0,Cash
530,6/13/2024,5268,P0032,8.0,239.72,1917.76,pay-pal
531,6/14/2024,5748,P0051,6.0,463.65,2781.9,Debit Card
532,6/15/2024,5849,P0075,3.0,783.54,2350.62,Debit Card
533,6/16/2024,4709,P0058,10.0,,9605.7,PayPal
534,6/17/2024,7619,P0087,5.0,765.94,3829.7,PayPal
535,6/18/2024,9647,P0026,6.0,856.65,5139.9,PayPal
536,6/19/2024,4072,P0098,5.0,607.03,3035.15,Cash
537,6/20/2024,7530,P0046,6.0,,5022.3,Debit Card
538,,1504,P0098,8.0,786.58,6292.64,Cash
539,6/22/2024,2214,P0029,7.0,383.22,2682.54,Debit Card
540,6/23/2024,2531,P0004,5.0,556.47,2782.35,Credit Card
541,6/24/2024,8576,P0081,10.0,806.71,8067.1,Cash
542,,1823,P0099,6.0,55.6,333.6,Debit Card
543,6/26/2024,1928,P0013,4.0,810.0,3240.0,Debit Card
544,6/27/2024,6029,P0039,9.0,186.11,1674.99,Cash
545,6/28/2024,1133,P0015,4.0,519.54,2078.16,Cash
546,6/29/2024,3105,P0029,1.0,810.19,810.19,Debit Card
547,6/30/2024,4627,P0029,7.0,26128.0,182896.0,Cash
548,7/1/2024,7316,P0075,7.0,253.35,1773.45,PayPal
549,7/2/2024,2852,P0032,4.0,408.74,1634.96,Cash
550,7/3/2024,5910,P0002,3.0,895.7,2687.1,Cash
551,7/4/2024,5175,P0047,8.0,10.44,83.52,Cash
552,,6348,P0078,5.0,902.37,4511.85,Debit Card
553,7/6/2024,7190,P0084,10.0,162.27,1622.7,PayPal
554,7/7/2024,2256,P0022,7.0,990.19,6931.33,Credit Card
555,7/8/2024,4376,P0075,4.0,955.3,3821.2,Credit Card
556,7/9/2024,6645,P0027,4.0,499.73,1998.92,PayPal
557,7/10/2024,4486,P0067,8.0,517.59,4140.72,PayPal
558,7/11/2024,4584,P0081,8.0,486.73,3893.84,PayPal
559,7/12/2024,9053,P0056,2.0,639.09,1278.18,Debit Card
560,7/13/2024,4330,P0092,2.0,99.81,199.62,Credit Card
561,7/14/2024,3703,P0093,3.0,42.29,126.87,PayPal
562,7/15/2024,9662,P0021,3.0,67.13,201.39,Debit Card
563,7/16/2024,9120,P0047,1.0,449.92,449.92,Credit Card
564,7/17/2024,8114,P0080,3.0,282.79,848.37,Cash
565,7/18/2024,2353,P0059,6.0,625.82,3754.92,Debit Card
566,7/19/2024,6063,P0084,,992.52,7940.16,Credit Card
567,7/20/2024,9549,P0006,10.0,392.46,3924.6,Debit Card
568,7/21/2024,8575,P0019,,578.1,3468.6,Credit Card
569,7/22/2024,1667,P0057,,421.45,2107.25,Credit Card
570,7/23/2024,5468,P0069,4.0,848.8,3395.2,Cash
571,7/24/2024,7819,P0003,3.0,903.21,2709.63,Debit Card
572,7/25/2024,4719,P0001,4.0,878.58,3514.32,PayPal
573,7/26/2024,3745,P0058,7.0,974.63,6822.41,Cash
574,7/27/2024,8483,P0038,1.0,37.24,37.24,Cash
575,7/28/2024,1539,P0015,7.0,841.42,5889.94,Credit Card
576,7/29/2024,5964,P0034,1.0,754.25,754.25,PayPal
577,7/30/2024,5835,P0061,2.0,236.41,472.82,Debit Card
578,7/31/2024,4775,P0035,4.0,956.76,3827.04,PayPal
579,8/1/2024,7042,P0064,1.0,156.7,156.7,PayPal
580,8/2/2024,8102,P0025,9.0,682.75,6144.75,PayPal
581,8/3/2024,8312,P0024,6.0,232.64,1395.84,pay-pal
582,8/4/2024,6320,P0012,1.0,437.07,437.07,PayPal
583,8/5/2024,7132,P0018,1.0,721.97,721.97,Credit Card
584,8/6/2024,8891,P0015,,567.69,3406.14,Credit Card
585,8/7/2024,3779,P0080,4.0,433.23,1732.92,Cash
586,8/8/2024,1924,P0027,4.0,333.08,1332.32,Credit Card
587,8/9/2024,2581,P0072,6.0,841.26,5047.56,Cash
588,8/10/2024,8714,P0060,7.0,152.38,1066.66,Cash
589,8/11/2024,4324,P0046,9.0,,3922.2,Debit Card
590,8/12/2024,6713,P0089,10.0,904.72,9047.2,PayPal
591,8/13/2024,8026,P0017,5.0,847.39,4236.95,Credit Card
592,8/14/2024,1255,P0093,,406.93,3662.37,Debit Card
593,8/15/2024,5804,P0053,4.0,765.48,3061.92,Credit Card
594,8/16/2024,2838,P0008,,824.93,8249.3,Cash
595,8/17/2024,1009,P0079,2.0,890.0,1780.0,Credit Card
596,8/18/2024,3871,P0027,3.0,549.06,1647.18,PayPal
597,8/19/2024,9989,P0046,1.0,212.42,212.42,Cash
598,8/20/2024,8409,P0050,6.0,262.76,1576.56,Cash
599,8/21/2024,8418,P0071,6.0,302.74,1816.44,Debit Card
600,8/22/2024,6124,P0003,1.0,597.86,597.86,PayPal
601,8/23/2024,2015,P0093,3.0,42.48,127.44,Cash
602,8/24/2024,3193,P0064,5.0,639.68,3198.4,PayPal
603,8/25/2024,9415,P0044,3.0,370.71,1112.13,Credit Card
604,8/26/2024,8449,P0053,10.0,,3022.9,PayPal
605,8/27/2024,5158,P0024,3.0,880.7,2642.1,Cash
606,8/28/2024,4925,P0060,10.0,465.4,4654.0,Debit Card
607,8/29/2024,7970,P0003,3.0,104.1,312.3,Cash
608,8/30/2024,7938,P0020,5.0,82848.0,414240.0,PayPal
609,,5784,P0046,5.0,57.16,285.8,PayPal
610,,5000,P0015,4.0,729.48,2917.92,cas h
611,9/2/2024,2633,P0025,1.0,776.17,776.17,PayPal
612,9/3/2024,8266,P0094,5.0,359.08,1795.4,Credit Card
613,9/4/2024,9702,P0078,10.0,826.54,8265.4,Cash
614,9/5/2024,1384,P0071,5.0,520.5,2602.5,Debit Crd
615,9/6/2024,1404,P0017,4.0,468.66,1874.64,Cash
616,9/7/2024,9175,P0084,6.0,54.95,329.7,Credit Card
617,9/8/2024,3000,P0100,10.0,297.13,2971.3,Credit Card
618,9/9/2024,6989,P0009,4.0,931.7,3726.8,Crdit Card
619,9/10/2024,2460,P0038,7.0,397.91,2785.37,Credit Card
620,9/11/2024,8190,P0048,7.0,551.23,3858.61,Credit Card
621,9/12/2024,8140,P0060,,536.7,1073.4,Debit Card
622,9/13/2024,4636,P0063,3.0,594.53,1783.59,PayPal
623,9/14/2024,5809,P0086,1.0,70.72,70.72,Credit Card
624,9/15/2024,5178,P0002,8.0,368.55,2948.4,Credit Card
625,9/16/2024,8245,P0088,9.0,725.9,6533.1,Cash
626,9/17/2024,7600,P0072,4.0,208.55,834.2,Debit Card
627,9/18/2024,6997,P0011,6.0,211.54,1269.24,Debit Card
628,9/19/2024,3048,P0064,9.0,19.99,179.91,PayPal
629,9/20/2024,5780,P0077,6.0,,2658.66,debit card
630,9/21/2024,1716,P0081,9.0,883.91,7955.19,Cash
631,9/22/2024,8939,P0072,4.0,61.38,245.52,Cash
632,9/23/2024,6565,P0021,8.0,199.21,1593.68,PayPal
633,9/24/2024,5544,P0018,,316.98,2852.82,Cash
634,9/25/2024,5976,P0094,4.0,734.41,2937.64,Credit Card
635,9/26/2024,4419,P0064,5.0,644.23,3221.15,Credit Card
636,9/27/2024,8239,P0082,8.0,421.78,3374.24,Cash
637,9/28/2024,1249,P0095,10.0,761.48,7614.8,PayPal
638,9/29/2024,9865,P0038,6.0,613.53,3681.18,Debit Card
639,9/30/2024,1770,P0032,7.0,897.08,6279.56,PayPal
640,10/1/2024,5363,P0011,3.0,819.85,2459.55,Debit Card
641,10/2/2024,2077,P0045,7.0,260.29,1822.03,Cash
642,10/3/2024,9427,P0089,8.0,278.72,2229.76,Cash
643,10/4/2024,9580,P0033,10.0,134.1,1341.0,Credit Card
644,10/5/2024,8901,P0041,6.0,343.6,2061.6,Debit Card
645,,5858,P0008,10.0,999.55,9995.5,PayPal
646,10/7/2024,7544,P0011,9.0,,3705.21,Cash
647,,5719,P0086,6.0,228.28,1369.68,PayPal
648,10/9/2024,3814,P0051,9.0,764.86,6883.74,Credit Card
649,10/10/2024,4374,P0088,,,2188.2,Debit Card
650,10/11/2024,2252,P0041,8.0,158.11,1264.88,Debit Card
651,10/12/2024,7996,P0017,4.0,386.88,1547.52,Cash
652,10/13/2024,5673,P0076,2.0,420.33,840.66,Debit Card
653,10/14/2024,5530,P0046,10.0,756.29,7562.9,Cash
654,10/15/2024,7881,P0032,9.0,30.46,274.14,Credit Card
655,10/16/2024,7949,P0079,5.0,276.33,1381.65,Debit Card
656,10/17/2024,7241,P0080,4.0,522.42,2089.68,Cash
657,10/18/2024,9017,P0054,2.0,276.16,552.32,PayPal
658,10/19/2024,7941,P0086,1.0,632.15,632.15,Cash
659,10/20/2024,8002,P0092,7.0,487.05,3409.35,Debit Card
660,10/21/2024,2331,P0020,6.0,,2208.54,Credit Card
661,10/22/2024,5261,P0033,2.0,949.72,1899.44,Debit Card
662,10/23/2024,8648,P0074,,635.84,5086.72,Debit Card
663,10/24/2024,6115,P0040,4.0,138.64,554.56,Cash
664,10/25/2024,5637,P0032,8.0,564.49,4515.92,PayPal
665,10/26/2024,5854,P0097,7.0,782.92,5480.44,Debit Card
666,10/27/2024,4177,P0002,5.0,711.4,3557.0,PayPal
667,10/28/2024,8730,P0097,10.0,180.37,1803.7,Cash
668,10/29/2024,3180,P0033,10.0,972.7,9727.0,PayPal
669,10/30/2024,5892,P0077,8.0,45433.0,363464.0,Cash
670,10/31/2024,8043,P0030,9.0,167.43,1506.87,Credit Card
671,11/1/2024,1137,P0033,,188.39,941.95,PayPal
672,11/2/2024,7327,P0077,10.0,107.25,1072.5,PayPal
673,11/3/2024,4472,P0026,5.0,805.48,4027.4,Credit Card
674,11/4/2024,6449,P0022,2.0,130.81,261.62,PayPal
675,11/5/2024,3832,P0066,5.0,133.87,669.35,Credit Card
676,11/6/2024,4579,P0038,3.0,851.97,2555.91,Debit Card
677,11/7/2024,6971,P0090,7.0,351.16,2458.12,Cash
678,11/8/2024,5164,P0046,10.0,40.55,405.5,Credit Card
679,11/9/2024,8941,P0015,5.0,61.38,306.9,PayPal
680,11/10/2024,6569,P0098,8.0,150.75,1206.0,Credit Card
681,11/11/2024,5300,P0044,1.0,221.26,221.26,PayPal
682,,7269,P0049,3.0,668.49,2005.47,Debit Card
683,11/13/2024,4818,P0075,3.0,165.75,497.25,Credit Card
684,11/14/2024,2906,P0061,9.0,127.69,1149.21,Debit Card
685,11/15/2024,7254,P0067,5.0,767.07,3835.35,Cash
686,11/16/2024,1760,P0006,9.0,674.34,6069.06,PayPal
687,11/17/2024,8830,P0009,9.0,440.97,3968.73,PayPal
688,11/18/2024,8350,P0006,1.0,553.82,553.82,Debit Card
689,11/19/2024,7238,P0073,2.0,318.86,637.72,cas h
690,11/20/2024,7090,P0095,5.0,487.68,2438.4,Credit Card
691,11/21/2024,7031,P0032,4.0,511.61,2046.44,Credit Card
692,11/22/2024,8687,P0041,10.0,393.36,3933.6,PayPal
693,11/23/2024,9472,P0076,9.0,907.51,8167.59,Debit Card
694,11/24/2024,2887,P0008,7.0,25.9,181.3,Debit Card
695,11/25/2024,4266,P0072,6.0,784.35,4706.1,Credit Card
696,11/26/2024,1666,P0050,7.0,133.14,931.98,Cash
697,11/27/2024,5188,P0092,1.0,799.57,799.57,Cash
698,11/28/2024,1671,P0062,1.0,619.75,619.75,Credit Card
699,11/29/2024,7777,P0084,8.0,844.85,6758.8,credit card
700,,8570,P0062,2.0,106.54,213.08,Debit Card
701,12/1/2024,8956,P0007,10.0,563.39,5633.9,Cash
702,,6124,P0075,9.0,506.08,4554.72,Credit Card
703,12/3/2024,6585,P0084,7.0,709.13,4963.91,Credit Card
704,12/4/2024,5777,P0080,6.0,538.95,3233.7,PayPal
705,12/5/2024,4900,P0004,1.0,545.33,545.33,Crdit Card
706,12/6/2024,7677,P0006,1.0,435.3,435.3,Credit Card
707,12/7/2024,7981,P0058,2.0,315.75,631.5,Cash
708,12/8/2024,7376,P0022,6.0,487.44,2924.64,Debit Card
709,12/9/2024,1523,P0026,6.0,127.31,763.86,Cash
710,12/10/2024,3393,P0003,2.0,961.9,1923.8,Debit Card
711,12/11/2024,3593,P0041,1.0,717.27,717.27,PayPal
712,12/12/2024,8240,P0060,10.0,952.94,9529.4,Credit Card
713,12/13/2024,7937,P0014,,234.46,1172.3,PayPal
714,12/14/2024,7190,P0075,5.0,880.55,4402.75,Debit Card
715,12/15/2024,6240,P0082,2.0,810.7,1621.4,Cash
716,12/16/2024,7493,P0012,6.0,680.38,4082.28,Cash
717,12/17/2024,3878,P0087,9.0,628.78,5659.02,PayPal
718,12/18/2024,5143,P0012,2.0,323.38,646.76,Debit Card
719,12/19/2024,4644,P0013,,818.25,8182.5,PayPal
720,12/20/2024,5432,P0025,2.0,506.5,1013.0,PayPal
721,12/21/2024,2276,P0045,3.0,80.18,240.54,Credit Card
722,12/22/2024,6811,P0019,7.0,319.73,2238.11,PayPal
723,12/23/2024,1302,P0055,6.0,935.94,5615.64,Credit Card
724,12/24/2024,1638,P0100,8.0,852.17,6817.36,Credit Card
725,12/25/2024,1055,P0045,8.0,982.09,7856.72,Cash
726,12/26/2024,9717,P0008,6.0,631.71,3790.26,Credit Card
727,,9150,P0093,10.0,255.03,2550.3,Credit Card
728,12/28/2024,3125,P0053,3.0,171.19,513.57,Cash
729,12/29/2024,1364,P0055,3.0,195.05,585.15,PayPal
730,12/30/2024,7809,P0032,1.0,29.6,29.6,Debit Card
731,12/31/2024,5621,P0051,7.0,396.78,2777.46,Debit Card
732,,6126,P0044,5.0,199.51,997.55,Debit Card
733,1/2/2025,6122,P0082,4.0,417.54,1670.16,PayPal
734,1/3/2025,2646,P0070,10.0,935.64,9356.4,Credit Card
735,1/4/2025,1918,P0018,4.0,436.23,1744.92,Debit Card
736,1/5/2025,3797,P0083,4.0,879.2,3516.8,PayPal
737,1/6/2025,7506,P0022,6.0,609.45,3656.7,CREDIT CARD
738,1/7/2025,6870,P0037,8.0,254.66,2037.28,Cash
739,1/8/2025,2531,P0096,8.0,362.3,2898.4,Debit Card
740,1/9/2025,9172,P0056,5.0,93.08,465.4,Credit Card
741,1/10/2025,4345,P0059,6.0,340.13,2040.78,Debit Card
742,1/11/2025,8673,P0003,4.0,680.77,2723.08,Debit Card
743,1/12/2025,7949,P0028,9.0,81.39,732.51,Debit Card
744,1/13/2025,7882,P0074,8.0,213.35,1706.8,Credit Card
745,1/14/2025,2906,P0035,10.0,387.63,3876.3,PayPal
746,1/15/2025,4086,P0061,10.0,982.23,9822.3,Credit Card
747,1/16/2025,9152,P0093,1.0,787.01,787.01,Debit Card
748,1/17/2025,6750,P0054,2.0,736.15,1472.3,Credit Card
749,1/18/2025,9905,P0063,9.0,125.03,1125.27,Cash
750,1/19/2025,2062,P0079,8.0,783.19,6265.52,PayPal
751,1/20/2025,2976,P0097,3.0,787.42,2362.26,Credit Card
752,1/21/2025,2296,P0007,8.0,605.09,4840.72,Cash
753,1/22/2025,7229,P0076,1.0,990.46,990.46,PayPal
754,1/23/2025,8641,P0049,10.0,332.0,3320.0,Cash
755,1/24/2025,1125,P0094,4.0,941.86,3767.44,paypal
756,1/25/2025,5632,P0085,3.0,915.58,2746.74,Credit Card
757,1/26/2025,7288,P0031,6.0,21.37,128.22,CASH
758,1/27/2025,4596,P0058,7.0,,3189.34,Debit Card
759,1/28/2025,7168,P0061,4.0,977.33,3909.32,Cash
760,1/29/2025,8561,P0024,7.0,112.09,784.63,PayPal
761,1/30/2025,9258,P0020,9.0,552.31,4970.79,Credit Card
762,1/31/2025,1232,P0037,2.0,979.17,1958.34,PAY PAL
763,2/1/2025,7371,P0004,3.0,559.94,1679.82,Cash
764,2/2/2025,5206,P0092,5.0,197.92,989.6,Cash
765,2/3/2025,8943,P0020,3.0,586.36,1759.08,Debit Card
766,2/4/2025,7891,P0060,8.0,212.4,1699.2,Credit Card
767,2/5/2025,7738,P0024,10.0,524.51,5245.1,Credit Card
768,2/6/2025,3472,P0050,8.0,83.3,666.4,cash
769,2/7/2025,3739,P0049,8.0,609.43,4875.44,Credit Card
770,2/8/2025,6401,P0051,9.0,521.62,4694.58,Debit Card
771,2/9/2025,2761,P0096,4.0,74276.0,297104.0,PayPal
772,2/10/2025,1876,P0036,5.0,634.39,3171.95,Credit Card
773,,4812,P0098,5.0,554.11,2770.55,Cash
774,2/12/2025,2460,P0100,8.0,692.88,5543.04,PayPal
775,2/13/2025,2733,P0066,7.0,152.5,1067.5,PayPal
776,2/14/2025,2605,P0079,9.0,599.41,5394.69,Debit Card
777,2/15/2025,6622,P0034,8.0,180.39,1443.12,Cash
778,2/16/2025,7767,P0036,2.0,926.27,1852.54,Credit Card
779,2/17/2025,7986,P0006,10.0,7765.000000000001,77650.00000000001,Cash
780,2/18/2025,4517,P0039,,436.07,1744.28,PayPal
781,2/19/2025,4735,P0042,6.0,698.84,4193.04,Cash
782,2/20/2025,9434,P0058,2.0,463.44,926.88,Credit Card
783,2/21/2025,3590,P0012,7.0,101.17,708.19,Credit Card
784,2/22/2025,2063,P0003,3.0,557.85,1673.55,Debit Card
785,2/23/2025,5324,P0018,3.0,645.22,1935.66,Credit Card
786,2/24/2025,6342,P0040,2.0,706.75,1413.5,Credit Card
787,2/25/2025,1005,P0021,8.0,379.53,3036.24,Cash
788,2/26/2025,8489,P0015,6.0,568.02,3408.12,Cash
789,2/27/2025,9659,P0097,1.0,456.18,456.18,pay-pal
790,2/28/2025,9195,P0099,1.0,675.34,675.34,Debit Card
791,,6966,P0026,7.0,587.72,4114.04,Cash
792,3/2/2025,9837,P0008,8.0,530.5,4244.0,Credit Card
793,3/3/2025,1117,P0100,5.0,257.03,1285.15,PayPal
794,3/4/2025,3551,P0094,5.0,12.0,60.0,Cash
795,3/5/2025,6560,P0087,4.0,182.34,729.36,Debit Card
796,3/6/2025,5289,P0042,6.0,125.9,755.4,Debit Card
797,3/7/2025,1846,P0044,6.0,454.59,2727.54,PayPal
798,3/8/2025,7316,P0014,3.0,616.14,1848.42,PayPal
799,3/9/2025,7469,P0078,9.0,,1988.55,PayPal
800,3/10/2025,9915,P0002,7.0,939.67,6577.69,PayPal
801,,1224,P0037,1.0,16.62,16.62,PayPal
802,3/12/2025,5208,P0069,7.0,774.58,5422.06,Credit Card
803,3/13/2025,7283,P0038,5.0,628.95,3144.75,Credit Card
804,3/14/2025,3048,P0041,5.0,379.82,1899.1,cash
805,3/15/2025,7233,P0062,2.0,59.98,119.96,Debit Card
806,3/16/2025,2828,P0060,4.0,631.21,2524.84,Credit Card
807,3/17/2025,2917,P0014,6.0,391.76,2350.56,Credit Card
808,3/18/2025,5234,P0089,10.0,936.9,9369.0,Credit Card
809,3/19/2025,7988,P0084,7.0,546.57,3825.99,Cash
810,3/20/2025,3026,P0002,5.0,940.25,4701.25,PayPal
811,3/21/2025,4744,P0070,,228.28,2054.52,Cash
812,3/22/2025,1009,P0017,3.0,728.47,2185.41,Debit Card
813,3/23/2025,1260,P0089,1.0,,,Debit Card
814,3/24/2025,7038,P0028,4.0,742.01,2968.04,Debit Card
815,3/25/2025,3219,P0066,9.0,222.52,2002.68,Debit Card
816,3/26/2025,8041,P0035,4.0,668.34,2673.36,Credit Card
817,3/27/2025,3060,P0005,2.0,503.06,1006.12,Credit Card
818,3/28/2025,6287,P0065,10.0,745.4,7454.0,Cash
819,3/29/2025,2619,P0040,5.0,333.77,1668.85,PayPal
820,3/30/2025,9512,P0076,3.0,891.16,2673.48,Debit Card
821,3/31/2025,2342,P0056,9.0,93.46,841.14,Cash
822,4/1/2025,3832,P0036,4.0,809.12,3236.48,Credit Card
823,4/2/2025,3824,P0045,6.0,862.71,5176.26,Credit Card
824,4/3/2025,2994,P0023,2.0,819.08,1638.16,PayPal
825,,4490,P0047,6.0,,3105.6,PayPal
826,4/5/2025,8984,P0031,3.0,444.0,1332.0,PayPal
827,4/6/2025,2604,P0011,9.0,996.3,8966.7,Cash
828,4/7/2025,1235,P0010,2.0,236.88,473.76,Credit Card
829,4/8/2025,2908,P0067,9.0,551.41,4962.69,Credit Card
830,4/9/2025,9567,P0014,5.0,673.97,3369.85,PayPal
831,4/10/2025,4530,P0080,8.0,703.86,5630.88,Debit Card
832,4/11/2025,6256,P0074,2.0,211.98,423.96,PayPal
833,4/12/2025,3635,P0093,6.0,657.45,3944.7,Cash
834,4/13/2025,9162,P0010,3.0,820.19,2460.57,PayPal
835,4/14/2025,3560,P0076,10.0,59.52,595.2,PayPal
836,4/15/2025,6415,P0094,5.0,912.41,4562.05,Cash
837,4/16/2025,4391,P0001,8.0,39.21,313.68,PayPal
838,4/17/2025,6951,P0005,10.0,362.41,3624.1,Credit Card
839,4/18/2025,6468,P0020,1.0,25.66,25.66,Debit Card
840,4/19/2025,9007,P0008,,86.37,431.85,PayPal
841,4/20/2025,7413,P0043,3.0,912.06,2736.18,Cash
842,4/21/2025,7941,P0076,4.0,361.31,1445.24,Debit Card
843,,5820,P0001,2.0,430.52,861.04,Cash
844,4/23/2025,3898,P0057,9.0,223.19,2008.71,Debit Card
845,4/24/2025,8546,P0064,3.0,601.12,1803.36,Debit Card
846,4/25/2025,1077,P0084,2.0,598.86,1197.72,PayPal
847,4/26/2025,8577,P0028,10.0,378.48,3784.8,Credit Card
848,4/27/2025,5227,P0037,9.0,339.7,3057.3,PayPal
849,4/28/2025,1600,P0047,7.0,886.11,6202.77,Cash
850,4/29/2025,2065,P0076,6.0,389.45,2336.7,Cash
851,4/30/2025,3136,P0037,1.0,498.57,498.57,Debit Card
852,5/1/2025,7943,P0049,5.0,290.47,1452.35,Debit Card
853,5/2/2025,8804,P0044,3.0,788.9,2366.7,Credit Card
854,5/3/2025,7565,P0056,1.0,403.47,403.47,PayPal
855,5/4/2025,6984,P0028,4.0,518.47,2073.88,Cash
856,5/5/2025,6142,P0079,2.0,260.82,521.64,Debit Card
857,5/6/2025,5670,P0006,2.0,987.78,1975.56,Credit Card
858,5/7/2025,3190,P0061,3.0,298.58,895.74,Cash
859,5/8/2025,3712,P0020,8.0,773.04,6184.32,Debit Card
860,5/9/2025,3192,P0078,8.0,433.22,3465.76,Cash
861,5/10/2025,2248,P0002,7.0,214.16,1499.12,Credit Card
862,5/11/2025,5033,P0073,6.0,801.72,4810.32,Credit Card
863,5/12/2025,2997,P0037,9.0,340.27,3062.43,Cash
864,,4687,P0020,4.0,866.54,3466.16,PayPal
865,5/14/2025,5018,P0026,1.0,916.1,916.1,Cash
866,5/15/2025,2970,P0029,8.0,861.23,6889.84,Debit Card
867,5/16/2025,9389,P0001,7.0,44.66,312.62,PayPal
868,5/17/2025,6765,P0035,7.0,789.5,5526.5,Debit Card
869,5/18/2025,2202,P0070,3.0,417.23,1251.69,Cash
870,5/19/2025,9135,P0059,4.0,874.99,3499.96,PayPal
871,5/20/2025,6567,P0069,10.0,641.57,6415.7,Debit Card
872,5/21/2025,8667,P0033,9.0,835.31,7517.79,Cash
873,5/22/2025,6742,P0051,6.0,504.44,3026.64,Cash
874,5/23/2025,6788,P0078,5.0,539.68,2698.4,PayPal
875,5/24/2025,6408,P0012,3.0,152.94,458.82,Cash
876,5/25/2025,9669,P0020,9.0,786.15,7075.35,Credit Card
877,5/26/2025,1922,P0053,5.0,425.2,2126.0,Debit Card
878,5/27/2025,1419,P0088,5.0,505.08,2525.4,Debit Card
879,,3204,P0043,4.0,787.25,3149.0,Cash
880,5/29/2025,2120,P0098,4.0,602.86,2411.44,cash
881,5/30/2025,1950,P0089,1.0,209.09,209.09,Credit Card
882,5/31/2025,3336,P0050,7.0,594.33,4160.31,PayPal
883,6/1/2025,6373,P0029,9.0,413.56,3722.04,Cash
884,6/2/2025,3243,P0057,3.0,474.83,1424.49,Cash
885,,3645,P0039,2.0,38.03,76.06,Cash
886,6/4/2025,5612,P0095,3.0,217.93,653.79,Cash
887,6/5/2025,2865,P0056,1.0,288.23,288.23,Debit Card
888,6/6/2025,7028,P0043,,715.83,4294.98,Cash
889,6/7/2025,8326,P0050,7.0,21.38,149.66,Debit Card
890,6/8/2025,7371,P0023,2.0,414.69,829.38,Cash
891,6/9/2025,7359,P0044,8.0,92479.0,739832.0,PayPal
892,6/10/2025,8863,P0038,6.0,120.76,724.56,Credit Card
893,6/11/2025,4228,P0084,4.0,521.26,2085.04,PayPal
894,6/12/2025,4719,P0023,5.0,788.66,3943.3,Cash
895,6/13/2025,3371,P0045,,943.11,7544.88,Cash
896,,3891,P0052,3.0,749.31,2247.93,Cash
897,6/15/2025,4756,P0080,3.0,723.36,2170.08,PayPal
898,6/16/2025,5225,P0050,4.0,828.22,3312.88,Cash
899,6/17/2025,1094,P0008,1.0,451.74,451.74,PayPal
900,6/18/2025,3674,P0085,9.0,807.79,7270.11,Debit Card
901,6/19/2025,7898,P0001,8.0,17.88,143.04,Credit Card
902,6/20/2025,1793,P0008,8.0,925.32,7402.56,Credit Card
903,6/21/2025,3116,P0029,10.0,448.87,4488.7,PayPal
904,6/22/2025,6779,P0096,6.0,557.85,3347.1,Debit Card
905,6/23/2025,7166,P0005,7.0,262.33,1836.31,PayPal
906,6/24/2025,1814,P0086,6.0,745.11,4470.66,Debit Card
907,6/25/2025,1345,P0047,,85.87,772.83,Cash
908,6/26/2025,9554,P0034,3.0,873.91,2621.73,Debit Card
909,6/27/2025,3443,P0065,3.0,829.84,2489.52,Debit Card
910,6/28/2025,8783,P0055,3.0,223.9,671.7,Debit Card
911,6/29/2025,1984,P0090,10.0,811.23,8112.3,Credit Card
912,6/30/2025,8790,P0043,3.0,788.49,2365.47,Debit Card
913,7/1/2025,1827,P0074,9.0,635.89,5723.01,Cash
914,7/2/2025,4531,P0030,4.0,379.78,1519.12,Cash
915,7/3/2025,8147,P0082,7.0,278.78,1951.46,Cash
916,7/4/2025,5451,P0017,9.0,239.47,2155.23,Debit Card
917,7/5/2025,4876,P0026,7.0,325.42,2277.94,PayPal
918,7/6/2025,6959,P0008,9.0,904.52,8140.68,PayPal
919,7/7/2025,1126,P0047,3.0,86.86,260.58,Cash
920,7/8/2025,4177,P0076,4.0,830.58,3322.32,Credit Card
921,7/9/2025,9795,P0091,8.0,355.4,2843.2,paypal
922,7/10/2025,7024,P0072,6.0,526.38,3158.28,Debit Card
923,,6109,P0089,5.0,796.54,3982.7,PayPal
924,7/12/2025,5146,P0046,4.0,885.53,3542.12,Cash
925,7/13/2025,8196,P0068,8.0,351.33,2810.64,Credit Card
926,7/14/2025,4368,P0033,1.0,467.23,467.23,PayPal
927,7/15/2025,4797,P0001,9.0,420.37,3783.33,PayPal
928,7/16/2025,2792,P0019,1.0,23.12,23.12,Cash
929,7/17/2025,6732,P0031,8.0,302.98,2423.84,Credit Card
930,7/18/2025,4476,P0080,4.0,464.6,1858.4,Credit Card
931,7/19/2025,4417,P0014,9.0,416.98,3752.82,Cash
932,7/20/2025,2645,P0053,5.0,724.71,3623.55,Debit Card
933,7/21/2025,4030,P0048,3.0,390.96,1172.88,PayPal
934,7/22/2025,3872,P0069,9.0,494.48,4450.32,Debit Card
935,7/23/2025,4072,P0090,9.0,435.31,3917.79,PayPal
936,7/24/2025,2854,P0062,4.0,743.22,2972.88,PayPal
937,7/25/2025,5021,P0092,4.0,,3457.36,Debit Card
938,7/26/2025,5662,P0066,8.0,536.57,4292.56,Cash
939,7/27/2025,7514,P0064,2.0,791.54,1583.08,Cash
940,7/28/2025,6031,P0070,,303.82,2734.38,PayPal
941,7/29/2025,3708,P0063,6.0,545.96,3275.76,Cash
942,7/30/2025,8112,P0073,9.0,351.78,3166.02,PayPal
943,7/31/2025,9393,P0033,8.0,420.06,3360.48,Cash
944,8/1/2025,4507,P0041,7.0,735.09,5145.63,PayPal
945,8/2/2025,7456,P0089,1.0,882.85,882.85,cash
946,,5212,P0048,3.0,130.28,390.84,Credit Card
947,8/4/2025,8970,P0013,2.0,638.29,1276.58,Debit Card
948,8/5/2025,9766,P0073,5.0,586.32,2931.6,Credit Card
949,8/6/2025,1536,P0077,5.0,127.23,636.15,Debit Card
950,8/7/2025,2625,P0031,,219.78,1098.9,Debit Card
951,8/8/2025,8973,P0075,4.0,317.89,1271.56,PayPal
952,8/9/2025,9577,P0068,5.0,175.26,876.3,Debit Card
953,8/10/2025,9070,P0098,3.0,251.29,753.87,Credit Card
954,8/11/2025,9666,P0004,1.0,274.92,274.92,Credit Card
955,8/12/2025,9609,P0019,5.0,342.32,1711.6,Cash
956,8/13/2025,7490,P0070,9.0,751.9,6767.1,Credit Card
957,8/14/2025,4600,P0098,9.0,576.19,5185.71,Cash
958,8/15/2025,7783,P0082,4.0,986.38,3945.52,Debit Card
959,8/16/2025,5971,P0013,3.0,420.59,1261.77,Credit Card
960,8/17/2025,2205,P0023,1.0,756.33,756.33,Debit Card
961,8/18/2025,2990,P0083,2.0,872.75,1745.5,Credit Card
962,8/19/2025,6299,P0075,8.0,,5457.52,Credit Card
963,8/20/2025,4572,P0001,,417.75,417.75,Cash
964,8/21/2025,6975,P0088,8.0,756.06,6048.48,Debit Card
965,,7320,P0054,7.0,211.63,1481.41,Credit Card
966,8/23/2025,5380,P0071,8.0,334.28,2674.24,pay-pal
967,8/24/2025,5757,P0089,6.0,551.22,3307.32,Debit Card
968,8/25/2025,3713,P0085,9.0,579.66,5216.94,Debit Card
969,8/26/2025,6588,P0015,3.0,31.92,95.76,Debit Card
970,8/27/2025,1966,P0065,10.0,945.66,9456.6,Cash
971,8/28/2025,5944,P0076,4.0,699.66,2798.64,PayPal
972,8/29/2025,4432,P0071,6.0,500.75,3004.5,Debit Card
973,8/30/2025,1688,P0015,8.0,933.8,7470.4,Credit Card
974,8/31/2025,5243,P0021,5.0,444.7,2223.5,Credit Card
975,9/1/2025,4701,P0019,3.0,980.63,2941.89,Cash
976,9/2/2025,9533,P0060,6.0,517.16,3102.96,Credit Card
977,9/3/2025,6182,P0093,4.0,123.14,492.56,Debit Card
978,9/4/2025,7704,P0089,9.0,767.15,6904.35,Credit Card
979,,5422,P0033,3.0,682.11,2046.33,Debit Card
980,9/6/2025,2759,P0049,4.0,775.26,3101.04,Credit Card
981,9/7/2025,3482,P0096,7.0,951.93,6663.51,PayPal
982,9/8/2025,9058,P0035,,778.72,5451.04,Cash
983,9/9/2025,1951,P0044,4.0,61522.0,246088.0,cas h
984,9/10/2025,9914,P0090,6.0,858.74,5152.44,PayPal
985,9/11/2025,3079,P0011,3.0,676.51,2029.53,PayPal
986,9/12/2025,3717,P0099,6.0,414.04,2484.24,Cash
987,9/13/2025,5524,P0072,2.0,886.76,1773.52,PayPal
988,9/14/2025,9477,P0078,8.0,229.68,1837.44,Debit Card
989,9/15/2025,8311,P0074,2.0,717.49,1434.98,CreditCard
990,9/16/2025,8186,P0066,7.0,882.75,6179.25,Cash
991,9/17/2025,3065,P0046,9.0,734.0,6606.0,PayPal
992,,1768,P0009,1.0,700.3,700.3,Debit Card
993,9/19/2025,6490,P0003,8.0,755.11,6040.88,Cash
994,9/20/2025,7645,P0085,7.0,470.4,3292.8,PayPal
995,9/21/2025,6083,P0026,6.0,875.43,5252.58,Cash
996,9/22/2025,6232,P0072,6.0,211.4,1268.4,PayPal
997,9/23/2025,6797,P0048,6.0,136.11,816.66,Cash
998,9/24/2025,5926,P0066,9.0,292.65,2633.85,Debit Card
999,9/25/2025,7016,P0070,2.0,536.26,1072.52,Debit Card
1000,9/26/2025,4335,P0028,1.0,515.46,515.46,Credit Card
